{
	"info": {
		"_postman_id": "249a11b7-8761-4cc0-8d9c-88f9b87d2c61",
		"name": "kanban_service",
		"schema": "https://schema.getpostman.com/json/collection/v2.1.0/collection.json"
	},
	"item": [
		{
			"name": "create-a-cart",
			"request": {
				"method": "POST",
				"header": [],
				"body": {
					"mode": "raw",
					"raw": "{\n    \"title\":\"item 3\",\n    \"description\":\"item 3 description\"\n}",
					"options": {
						"raw": {
							"language": "json"
						}
					}
				},
				"url": {
					"raw": "http://localhost:5000/api/card/add-item/61da12b419a682c0e37cadb8/61da12d619a682c0e37cadbc",
					"protocol": "http",
					"host": [
						"localhost"
					],
					"port": "5000",
					"path": [
						"api",
						"card",
						"add-item",
						"61da12b419a682c0e37cadb8",
						"61da12d619a682c0e37cadbc"
					]
				}
			},
			"response": []
		},
		{
			"name": "get-cart-by-id",
			"request": {
				"method": "GET",
				"header": [],
				"url": {
					"raw": "http://localhost:5000/api/card/get-item/61da01f3707b5a7cca970d2f",
					"protocol": "http",
					"host": [
						"localhost"
					],
					"port": "5000",
					"path": [
						"api",
						"card",
						"get-item",
						"61da01f3707b5a7cca970d2f"
					]
				}
			},
			"response": []
		},
		{
			"name": "get-all-carts",
			"request": {
				"method": "GET",
				"header": [],
				"url": {
					"raw": "http://localhost:5000/api/card/61da12b419a682c0e37cadb8/61da12d619a682c0e37cadbc",
					"protocol": "http",
					"host": [
						"localhost"
					],
					"port": "5000",
					"path": [
						"api",
						"card",
						"61da12b419a682c0e37cadb8",
						"61da12d619a682c0e37cadbc"
					]
				}
			},
			"response": []
		},
		{
			"name": "get-all-tasks",
			"request": {
				"method": "GET",
				"header": [],
				"url": {
					"raw": "http://localhost:5000/api/task/",
					"protocol": "http",
					"host": [
						"localhost"
					],
					"port": "5000",
					"path": [
						"api",
						"task",
						""
					]
				}
			},
			"response": []
		},
		{
			"name": "update-cart-item-by-id",
			"request": {
				"method": "PUT",
				"header": [],
				"body": {
					"mode": "raw",
					"raw": "{\n    \"title\":\"updated  item\",\n    \"description\":\"updated item\"\n}",
					"options": {
						"raw": {
							"language": "json"
						}
					}
				},
				"url": {
					"raw": "http://localhost:5000/api/card/update-item/61da01f3707b5a7cca970d2f",
					"protocol": "http",
					"host": [
						"localhost"
					],
					"port": "5000",
					"path": [
						"api",
						"card",
						"update-item",
						"61da01f3707b5a7cca970d2f"
					]
				}
			},
			"response": []
		},
		{
			"name": "get-task-by-id",
			"request": {
				"method": "GET",
				"header": [],
				"url": {
					"raw": "http://localhost:5000/api/task/61da12b419a682c0e37cadb8/61da12d619a682c0e37cadbc",
					"protocol": "http",
					"host": [
						"localhost"
					],
					"port": "5000",
					"path": [
						"api",
						"task",
						"61da12b419a682c0e37cadb8",
						"61da12d619a682c0e37cadbc"
					]
				}
			},
			"response": []
		},
		{
			"name": "update-task-by-id",
			"event": [
				{
					"listen": "prerequest",
					"script": {
						"exec": [
							"const dateNow= new Date();",
							"pm.environment.set('currentDate', dateNow.toISOString());"
						],
						"type": "text/javascript"
					}
				}
			],
			"request": {
				"method": "PUT",
				"header": [],
				"body": {
					"mode": "raw",
					"raw": "{\n    \"title\":\"updated task demo\",\n    \"status\":\"In Progress\",\n    \"updatedDate\":\"{{currentDate}}\"\n}",
					"options": {
						"raw": {
							"language": "json"
						}
					}
				},
				"url": {
					"raw": "http://localhost:5000/api/task/update/61d9df892f110768abb7e7a1",
					"protocol": "http",
					"host": [
						"localhost"
					],
					"port": "5000",
					"path": [
						"api",
						"task",
						"update",
						"61d9df892f110768abb7e7a1"
					]
				}
			},
			"response": []
		},
		{
			"name": "get-board-by-id",
			"request": {
				"method": "GET",
				"header": [],
				"url": {
					"raw": "http://localhost:5000/api/board/61d9a33225a8f50a5e052f6e",
					"protocol": "http",
					"host": [
						"localhost"
					],
					"port": "5000",
					"path": [
						"api",
						"board",
						"61d9a33225a8f50a5e052f6e"
					]
				}
			},
			"response": []
		},
		{
			"name": "get-all-boards",
			"request": {
				"method": "GET",
				"header": [],
				"url": {
					"raw": "http://localhost:5000/api/board/",
					"protocol": "http",
					"host": [
						"localhost"
					],
					"port": "5000",
					"path": [
						"api",
						"board",
						""
					]
				}
			},
			"response": []
		},
		{
			"name": "add-user-to-board",
			"request": {
				"method": "PUT",
				"header": [],
				"url": {
					"raw": "http://localhost:5000/api/board/61d9a71f41b67dffcacb59cb/61d9a238d89b909f103ef251",
					"protocol": "http",
					"host": [
						"localhost"
					],
					"port": "5000",
					"path": [
						"api",
						"board",
						"61d9a71f41b67dffcacb59cb",
						"61d9a238d89b909f103ef251"
					]
				}
			},
			"response": []
		},
		{
			"name": "update-board",
			"request": {
				"method": "PUT",
				"header": [],
				"body": {
					"mode": "raw",
					"raw": "{\n    \"title\":\"udpated title\"\n}",
					"options": {
						"raw": {
							"language": "json"
						}
					}
				},
				"url": {
					"raw": "http://localhost:5000/api/board/update/61d9a71f41b67dffcacb59cb",
					"protocol": "http",
					"host": [
						"localhost"
					],
					"port": "5000",
					"path": [
						"api",
						"board",
						"update",
						"61d9a71f41b67dffcacb59cb"
					]
				}
			},
			"response": []
		},
		{
			"name": "delete-user-from-board",
			"request": {
				"method": "DELETE",
				"header": [],
				"url": {
					"raw": "http://localhost:5000/api/board/delete-user/61d9db5653ec2ce79ae48347/61d9d95636eae710514b7aa1",
					"protocol": "http",
					"host": [
						"localhost"
					],
					"port": "5000",
					"path": [
						"api",
						"board",
						"delete-user",
						"61d9db5653ec2ce79ae48347",
						"61d9d95636eae710514b7aa1"
					]
				}
			},
			"response": []
		},
		{
			"name": "delete-board",
			"request": {
				"method": "DELETE",
				"header": [],
				"url": {
					"raw": "http://localhost:5000/api/board/delete/61da12390e491bdd4d7e028a",
					"protocol": "http",
					"host": [
						"localhost"
					],
					"port": "5000",
					"path": [
						"api",
						"board",
						"delete",
						"61da12390e491bdd4d7e028a"
					]
				}
			},
			"response": []
		},
		{
			"name": "create-a-user",
			"request": {
				"method": "POST",
				"header": [],
				"body": {
					"mode": "raw",
					"raw": "{\n    \"name\":\"Ali haydar\"\n}",
					"options": {
						"raw": {
							"language": "json"
						}
					}
				},
				"url": {
					"raw": "http://localhost:5000/api/user/create",
					"protocol": "http",
					"host": [
						"localhost"
					],
					"port": "5000",
					"path": [
						"api",
						"user",
						"create"
					]
				}
			},
			"response": []
		},
		{
			"name": "get-all-users",
			"request": {
				"method": "GET",
				"header": [],
				"url": {
					"raw": "http://localhost:5000/api/user/",
					"protocol": "http",
					"host": [
						"localhost"
					],
					"port": "5000",
					"path": [
						"api",
						"user",
						""
					]
				}
			},
			"response": []
		},
		{
			"name": "update-user",
			"request": {
				"method": "PUT",
				"header": [],
				"body": {
					"mode": "raw",
					"raw": "{\n    \"name\":\"ali haydar\"\n}",
					"options": {
						"raw": {
							"language": "json"
						}
					}
				},
				"url": {
					"raw": "http://localhost:5000/api/user/update/61da10173a2cebc6bec63c65",
					"protocol": "http",
					"host": [
						"localhost"
					],
					"port": "5000",
					"path": [
						"api",
						"user",
						"update",
						"61da10173a2cebc6bec63c65"
					]
				}
			},
			"response": []
		},
		{
			"name": "get-user-by-id",
			"request": {
				"method": "GET",
				"header": [],
				"url": {
					"raw": "http://localhost:5000/api/user/61d9d95636eae710514b7aa1",
					"protocol": "http",
					"host": [
						"localhost"
					],
					"port": "5000",
					"path": [
						"api",
						"user",
						"61d9d95636eae710514b7aa1"
					]
				}
			},
			"response": []
		},
		{
			"name": "create-a-board",
			"request": {
				"method": "POST",
				"header": [],
				"body": {
					"mode": "raw",
					"raw": "{\n    \"title\":\"Board 2\"\n}",
					"options": {
						"raw": {
							"language": "json"
						}
					}
				},
				"url": {
					"raw": "http://localhost:5000/api/board/create",
					"protocol": "http",
					"host": [
						"localhost"
					],
					"port": "5000",
					"path": [
						"api",
						"board",
						"create"
					]
				}
			},
			"response": []
		},
		{
			"name": "add-user-to-board",
			"request": {
				"method": "PUT",
				"header": [],
				"url": {
					"raw": "http://localhost:5000/api/board/add-user/61da12b419a682c0e37cadb8/61da12b419a682c0e37cadb8",
					"protocol": "http",
					"host": [
						"localhost"
					],
					"port": "5000",
					"path": [
						"api",
						"board",
						"add-user",
						"61da12b419a682c0e37cadb8",
						"61da12b419a682c0e37cadb8"
					]
				}
			},
			"response": []
		},
		{
			"name": "create-a-task",
			"request": {
				"method": "POST",
				"header": [],
				"body": {
					"mode": "raw",
					"raw": "{\n    \"title\":\"task 2\"\n}",
					"options": {
						"raw": {
							"language": "json"
						}
					}
				},
				"url": {
					"raw": "http://localhost:5000/api/task/create/61da12b419a682c0e37cadb8",
					"protocol": "http",
					"host": [
						"localhost"
					],
					"port": "5000",
					"path": [
						"api",
						"task",
						"create",
						"61da12b419a682c0e37cadb8"
					]
				}
			},
			"response": []
		},
		{
			"name": "delete-a-task",
			"request": {
				"method": "DELETE",
				"header": [],
				"url": {
					"raw": "http://localhost:5000/api/task/delete/61da01f3707b5a7cca970d2f",
					"protocol": "http",
					"host": [
						"localhost"
					],
					"port": "5000",
					"path": [
						"api",
						"task",
						"delete",
						"61da01f3707b5a7cca970d2f"
					]
				}
			},
			"response": []
		}
	]
}